country,country_population,id,province,confirmed,deaths,recovered,latitude,longitude,deaths/population (%),confirmed/population (%),deaths/confirmed (%)
Afghanistan,29121286.0,0,,665,21,0,33.0,65.0,7.211219999006912e-05,0.002283552999685522,3.1578947368421053
Albania,2986952.0,1,,467,23,0,41.1533,20.1683,0.0007700157217123007,0.01563466704520193,4.925053533190578
Algeria,34586184.0,2,,1983,313,0,28.0339,1.6596,0.0009049856439785319,0.005733503297154725,15.784165405950578
Andorra,84000.0,3,,646,29,0,42.5063,1.5218,0.034523809523809526,0.769047619047619,4.489164086687306
Angola,13068161.0,4,,19,2,0,-11.2027,17.8739,1.5304372206617288e-05,0.00014539153596286426,10.526315789473683
Antigua and Barbuda,86754.0,5,,23,2,0,17.0608,-61.7964,0.0023053692048781616,0.026511745856098855,8.695652173913043
Argentina,41343201.0,6,,2208,97,0,-38.4161,-63.6167,0.00023462140727806733,0.005340660487319305,4.393115942028985
Armenia,2968000.0,7,,1039,14,0,40.0691,45.0382,0.0004716981132075472,0.0350067385444744,1.3474494706448508
Australia,21515754.0,8,Australian Capital Territory,102,2,0,-35.4735,149.0124,9.295514347301051e-06,0.00047407123171235363,1.9607843137254901
Australia,21515754.0,9,New South Wales,2863,25,0,-33.8688,151.2093,0.00011619392934126314,0.013306528788161458,0.8732099196646874
Australia,21515754.0,10,Northern Territory,28,0,0,-12.4634,130.8456,0.0,0.00013013720086221472,0.0
Australia,21515754.0,11,Queensland,987,5,0,-28.0167,153.4,2.323878586825263e-05,0.00458733633039307,0.5065856129685917
Australia,21515754.0,12,South Australia,429,4,0,-34.9285,138.6007,1.8591028694602103e-05,0.0019938878274960753,0.9324009324009324
Australia,21515754.0,13,Tasmania,144,5,0,-41.4545,145.9707,2.323878586825263e-05,0.0006692770330056757,3.4722222222222223
Australia,21515754.0,14,Victoria,1281,14,0,-37.8136,144.9631,6.506860043110736e-05,0.005953776939446324,1.092896174863388
Australia,21515754.0,15,Western Australia,517,6,0,-31.9505,115.8605,2.7886543041903153e-05,0.0024028904587773217,1.160541586073501
Austria,8205000.0,16,,14041,368,0,47.5162,14.5501,0.004485070079219988,0.17112736136502132,2.620895947582081
Azerbaijan,8303512.0,17,,1148,12,0,40.1431,47.5769,0.00014451716334004213,0.013825475292864032,1.0452961672473868
Bahamas,301790.0,18,,47,8,0,25.0343,-77.3963,0.002650849928758408,0.015573743331455647,17.02127659574468
Bahrain,738004.0,19,,1361,6,0,26.0275,50.55,0.0008130037235570539,0.1844163446268584,0.440852314474651
Bangladesh,156118464.0,20,,803,39,0,23.685,90.3563,2.498102979030078e-05,0.0005143529979900392,4.85678704856787
Barbados,285653.0,21,,72,4,0,13.1939,-59.5432,0.0014003003644281699,0.025205406559707058,5.555555555555555
Belarus,9685000.0,22,,2919,29,0,53.7098,27.9534,0.00029943211151264843,0.03013939081053175,0.9934909215484755
Belgium,10403000.0,23,,30589,3903,0,50.8333,4.0,0.037518023647024897,0.29404018071710086,12.759488705090066
Benin,9056010.0,24,,35,1,0,9.3077,2.3158,1.104239063340257e-05,0.0003864836721690899,2.857142857142857
Bhutan,699847.0,25,,5,0,0,27.5142,90.4336,0.0,0.0007144418708660607,0.0
Bolivia,9947418.0,26,,330,27,0,-16.2902,-63.5887,0.000271427218600847,0.0033174437828992404,8.181818181818182
Bosnia and Herzegovina,4590000.0,27,,1037,39,0,43.9159,17.6791,0.0008496732026143791,0.02259259259259259,3.7608486017357765
Brazil,201103330.0,28,,23430,1328,0,-14.235,-51.9253,0.0006603570413279581,0.011650727016802755,5.66794707639778
Brunei,395027.0,29,,136,1,0,4.5353,114.7277,0.0002531472532257289,0.034428026438699126,0.7352941176470588
Bulgaria,7000039.0,30,,685,32,0,42.7339,25.4858,0.0004571403102182716,0.009785659765609876,4.671532846715328
Burkina Faso,16241811.0,31,,497,27,0,12.2383,-1.5616,0.0001662376196841596,0.003060003591963975,5.432595573440644
Cabo Verde,508659.0,32,,10,1,0,16.5388,-23.0418,0.0001965953615290401,0.001965953615290401,10.0
Cambodia,14453680.0,33,,122,0,0,11.55,104.9167,0.0,0.000844075695601397,0.0
Cameroon,19294149.0,34,,820,12,0,3.8480000000000003,11.5021,6.219502088431057e-05,0.004249993093761223,1.4634146341463417
Canada,33679000.0,35,Alberta,1732,46,0,53.9333,-116.5765,0.0001365836277799222,0.005142670506844028,2.655889145496536
Canada,33679000.0,36,British Columbia,1490,69,0,49.2827,-123.1207,0.00020487544166988332,0.004424121856349654,4.630872483221476
Canada,33679000.0,37,Grand Princess,13,0,0,37.6489,-122.6655,0.0,3.859972089432584e-05,0.0
Canada,33679000.0,38,Manitoba,246,4,0,53.7609,-98.8139,1.1876837198254105e-05,0.0007304254876926274,1.6260162601626018
Canada,33679000.0,39,New Brunswick,116,0,0,46.5653,-66.4619,0.0,0.00034442827874936905,0.0
Canada,33679000.0,40,Newfoundland and Labrador,244,3,0,53.1355,-57.6604,8.90762789869058e-06,0.0007244870690935005,1.2295081967213115
Canada,33679000.0,41,Nova Scotia,474,3,0,44.681999999999995,-63.7443,8.90762789869058e-06,0.0014074052079931115,0.6329113924050633
Canada,33679000.0,42,Ontario,7470,291,0,51.2538,-85.3232,0.0008640399061729861,0.02217999346773954,3.8955823293172687
Canada,33679000.0,43,Prince Edward Island,25,0,0,46.5107,-63.4168,0.0,7.423023248908816e-05,0.0
Canada,33679000.0,44,Quebec,13557,360,0,52.9399,-73.5491,0.0010689153478428695,0.04025357047418272,2.6554547466253595
Canada,33679000.0,45,Saskatchewan,300,4,0,52.9399,-106.4509,1.1876837198254105e-05,0.000890762789869058,1.3333333333333335
Central African Republic,4844927.0,46,,11,0,0,6.6111,20.9394,0.0,0.00022704160454842766,0.0
Chad,10543464.0,47,,23,0,0,15.4542,18.7322,0.0,0.00021814462495437935,0.0
Chile,16746491.0,48,,7525,82,0,-35.6751,-71.543,0.0004896548178361664,0.04493478663679454,1.089700996677741
China,1330044000.0,49,Anhui,991,6,0,31.8257,117.2264,4.511128955132311e-07,7.450881324226868e-05,0.6054490413723511
China,1330044000.0,50,Beijing,589,8,0,40.1824,116.4142,6.014838606843082e-07,4.428424924288219e-05,1.3582342954159592
China,1330044000.0,51,Chongqing,579,6,0,30.0572,107.874,4.511128955132311e-07,4.3532394417026806e-05,1.0362694300518136
China,1330044000.0,52,Fujian,352,1,0,26.0789,117.9874,7.518548258553852e-08,2.646528987010956e-05,0.2840909090909091
China,1330044000.0,53,Gansu,139,2,0,37.8099,101.0583,1.5037096517107704e-07,1.0450782079389854e-05,1.4388489208633095
China,1330044000.0,54,Guangdong,1555,8,0,23.3417,113.4244,6.014838606843082e-07,0.0001169134254205124,0.5144694533762058
China,1330044000.0,55,Guangxi,254,2,0,23.8298,108.7881,1.5037096517107704e-07,1.9097112576726787e-05,0.7874015748031495
China,1330044000.0,56,Guizhou,146,2,0,26.8154,106.8748,1.5037096517107704e-07,1.0977080457488625e-05,1.36986301369863
China,1330044000.0,57,Hainan,168,6,0,19.1959,109.7453,4.511128955132311e-07,1.263116107437047e-05,3.571428571428571
China,1330044000.0,58,Hebei,327,6,0,39.549,116.1306,4.511128955132311e-07,2.4585652805471097e-05,1.834862385321101
China,1330044000.0,59,Heilongjiang,740,13,0,47.861999999999995,127.7615,9.774112736120009e-07,5.56372571132985e-05,1.7567567567567568
China,1330044000.0,60,Henan,1276,22,0,33.882,113.61399999999999,1.6540806168818474e-06,9.593667577914714e-05,1.7241379310344827
China,1330044000.0,61,Hong Kong,1009,4,0,22.3,114.2,3.007419303421541e-07,7.586215192880837e-05,0.39643211100099107
China,1330044000.0,62,Hubei,67803,3221,0,30.9756,112.2707,0.0002421724394080196,0.005097801275747269,4.75052726280548
China,1330044000.0,63,Hunan,1019,4,0,27.6104,111.7088,3.007419303421541e-07,7.661400675466375e-05,0.39254170755642787
China,1330044000.0,64,Inner Mongolia,190,1,0,44.0935,113.9448,7.518548258553852e-08,1.428524169125232e-05,0.5263157894736842
China,1330044000.0,65,Jiangsu,653,0,0,32.9711,119.455,0.0,4.909612012835665e-05,0.0
China,1330044000.0,66,Jiangxi,937,1,0,27.614,115.7221,7.518548258553852e-08,7.044879718264959e-05,0.10672358591248667
China,1330044000.0,67,Jilin,100,1,0,43.6661,126.1923,7.518548258553852e-08,7.518548258553852e-06,1.0
China,1330044000.0,68,Liaoning,145,2,0,41.2956,122.6085,1.5037096517107704e-07,1.0901894974903086e-05,1.3793103448275863
China,1330044000.0,69,Macau,45,0,0,22.1667,113.55,0.0,3.3833467163492337e-06,0.0
China,1330044000.0,70,Ningxia,75,0,0,37.2692,106.1655,0.0,5.638911193915389e-06,0.0
China,1330044000.0,71,Qinghai,18,0,0,35.7452,95.9956,0.0,1.3533386865396934e-06,0.0
China,1330044000.0,72,Shaanxi,256,3,0,35.1917,108.8701,2.2555644775661556e-07,1.924748354189786e-05,1.171875
China,1330044000.0,73,Shandong,784,7,0,36.3427,118.1498,5.262983780987696e-07,5.8945418347062205e-05,0.8928571428571428
China,1330044000.0,74,Shanghai,618,7,0,31.201999999999998,121.4491,5.262983780987696e-07,4.64646282378628e-05,1.132686084142395
China,1330044000.0,75,Shanxi,173,0,0,37.5777,112.2922,0.0,1.3007088487298165e-05,0.0
China,1330044000.0,76,Sichuan,560,3,0,30.6171,102.7103,2.2555644775661556e-07,4.210387024790157e-05,0.5357142857142857
China,1330044000.0,77,Tianjin,184,3,0,39.3054,117.323,2.2555644775661556e-07,1.3834128795739087e-05,1.6304347826086956
China,1330044000.0,78,Tibet,1,0,0,31.6927,88.0924,0.0,7.518548258553852e-08,0.0
China,1330044000.0,79,Xinjiang,76,3,0,41.1129,85.2401,2.2555644775661556e-07,5.714096676500928e-06,3.9473684210526314
China,1330044000.0,80,Yunnan,184,2,0,24.974,101.48700000000001,1.5037096517107704e-07,1.3834128795739087e-05,1.0869565217391304
China,1330044000.0,81,Zhejiang,1267,1,0,29.1832,120.0934,7.518548258553852e-08,9.526000643587731e-05,0.07892659826361484
Colombia,47790000.0,82,,2852,112,0,4.5709,-74.2973,0.00023435865243774852,0.005967775685289809,3.9270687237026647
Congo (Brazzaville),3039126.0,83,,60,5,0,-4.0383,21.7587,0.00016452098399342442,0.001974251807921093,8.333333333333332
Congo (Kinshasa),70916439.0,84,,235,20,0,-4.0383,21.7587,2.8202205697327808e-05,0.00033137591694360174,8.51063829787234
Costa Rica,4516220.0,85,,612,3,0,9.7489,-83.7534,6.642723339429878e-05,0.01355115561243695,0.49019607843137253
Cote d'Ivoire,21058798.0,86,,626,6,0,7.54,-5.5471,2.849165465189419e-05,0.0029726293020142934,0.9584664536741214
Croatia,4284889.0,87,,1650,25,0,45.1,15.2,0.0005834456855241758,0.0385074152445956,1.5151515151515151
Diamond Princess,,88,,712,11,0,0.0,0.0,,,1.544943820224719
Cuba,11423000.0,89,,726,21,0,22.0,-80.0,0.00018383962181563513,0.006355598354197672,2.8925619834710745
Cyprus,1102677.0,90,,662,12,0,35.1264,33.4299,0.0010882606601933294,0.060035713087332014,1.812688821752266
Czechia,10476000.0,91,,6059,143,0,49.8175,15.472999999999999,0.001365024818633066,0.057836960672012216,2.3601254332398085
Denmark,5484000.0,92,Faroe Islands,184,0,0,61.8926,-6.9118,0.0,0.0033552151714077317,0.0
Denmark,5484000.0,93,Greenland,11,0,0,71.7069,-42.6043,0.0,0.00020058351568198393,0.0
Denmark,5484000.0,94,,6318,285,0,56.2639,9.5018,0.005196936542669585,0.1152078774617068,4.510921177587844
Djibouti,740528.0,95,,298,2,0,11.8251,42.5903,0.0002700775662770348,0.04024155737527818,0.6711409395973155
Dominican Republic,9823821.0,96,,3167,177,0,18.7357,-70.1627,0.001801742926708457,0.032237965247941716,5.588885380486264
Ecuador,14790608.0,97,,7529,355,0,-1.8312,-78.1834,0.002400171784689311,0.05090392497725584,4.715101607119139
Egypt,80471869.0,98,,2190,164,0,26.0,30.0,0.00020379792595596357,0.0027214479136802453,7.488584474885844
El Salvador,6052064.0,99,,137,6,0,13.7942,-88.8965,9.913973150316983e-05,0.0022636905359890444,4.37956204379562
Equatorial Guinea,1014999.0,100,,21,0,0,1.5,10.0,0.0,0.0020689675556330596,0.0
Eritrea,5792984.0,101,,34,0,0,15.1794,39.7823,0.0,0.0005869168635715203,0.0
Estonia,1291170.0,102,,1332,28,0,58.5953,25.0136,0.0021685757878513287,0.10316224819349891,2.1021021021021022
Eswatini,1354051.0,103,,15,0,0,-26.5225,31.4659,0.0,0.0011077869297389832,0.0
Ethiopia,88013491.0,104,,74,3,0,9.145,40.4897,3.4085683523222594e-06,8.40780193572824e-05,4.054054054054054
Fiji,875983.0,105,,16,0,0,-17.7134,178.065,0.0,0.0018265194644188302,0.0
Finland,5244000.0,106,,3064,59,0,64.0,26.0,0.0011250953470633104,0.058428680396643784,1.925587467362924
France,64768389.0,107,French Guiana,86,0,0,3.9339,-53.1258,0.0,0.0001327808230647824,0.0
France,64768389.0,108,French Polynesia,55,0,0,-17.6797,149.4068,0.0,8.491796823910504e-05,0.0
France,64768389.0,109,Guadeloupe,143,8,0,16.25,-61.5833,1.235170447114255e-05,0.0002207867174216731,5.594405594405594
France,64768389.0,110,Mayotte,207,3,0,-12.8275,45.1662,4.631889176678457e-06,0.0003196003531908135,1.4492753623188406
France,64768389.0,111,New Caledonia,18,0,0,-20.9043,165.618,0.0,2.779133506007074e-05,0.0
France,64768389.0,112,Reunion,391,0,0,-21.1351,55.2471,0.0,0.0006036895560270921,0.0
France,64768389.0,113,Saint Barthelemy,6,0,0,17.9,-62.8333,0.0,9.263778353356913e-06,0.0
France,64768389.0,114,St Martin,32,2,0,18.0708,-63.0501,3.0879261177856373e-06,4.94068178845702e-05,6.25
France,64768389.0,115,Martinique,157,6,0,14.6415,-61.0242,9.263778353356913e-06,0.00024240220024617258,3.821656050955414
France,64768389.0,116,,136779,14967,0,46.2276,2.2137,0.02310849510244882,0.21118172323230086,10.942469238698923
Gabon,1545255.0,117,,57,1,0,-0.8037,11.6094,6.471423810309626e-05,0.0036887115718764866,1.7543859649122806
Gambia,1593256.0,118,,9,1,0,13.4432,-15.3101,6.276455258916332e-05,0.0005648809733024699,11.11111111111111
Georgia,4630000.0,119,,272,3,0,42.3154,43.3569,6.479481641468683e-05,0.0058747300215982725,1.1029411764705883
Germany,81802257.0,120,,130072,3194,0,51.0,9.0,0.0039045377439891416,0.15900783764438187,2.4555630727597024
Ghana,24339838.0,121,,566,8,0,7.9465,-1.0232,3.28679262368139e-05,0.0023254057812545836,1.4134275618374559
Greece,11000000.0,122,,2145,99,0,39.0742,21.8243,0.0009,0.0195,4.615384615384616
Guatemala,13550440.0,123,,156,5,0,15.7835,-90.2308,3.6899170801833736e-05,0.0011512541290172127,3.205128205128205
Guinea,10324025.0,124,,319,0,0,9.9456,-9.6966,0.0,0.003089880158174743,0.0
Guyana,748486.0,125,,45,6,0,5.0,-58.75,0.0008016181999396115,0.0060121364995470855,13.333333333333334
Haiti,9648924.0,126,,40,3,0,18.9712,-72.2852,3.1091549689892885e-05,0.0004145539958652385,7.5
Holy See,921.0,127,,8,0,0,41.9029,12.4534,0.0,0.8686210640608035,0.0
Honduras,7989415.0,128,,397,25,0,15.2,-86.2419,0.00031291402436849254,0.004969074706971661,6.297229219143577
Hungary,9982000.0,129,,1458,109,0,47.1625,19.5033,0.001091965537968343,0.014606291324383892,7.475994513031551
Iceland,308910.0,130,,1711,8,0,64.9631,-19.0208,0.00258975106017934,0.5538830079958564,0.46756282875511396
India,1173108018.0,131,,10453,358,0,21.0,78.0,3.0517223862329786e-05,0.0008910517905947856,3.424854108868267
Indonesia,242968342.0,132,,4557,399,0,-0.7893,113.9213,0.00016421892527875094,0.0018755529887099448,8.755760368663594
Iran,76923300.0,133,,73303,4585,0,32.0,53.0,0.005960482714600128,0.09529362364849142,6.254859964803623
Iraq,29671605.0,134,,1378,78,0,33.0,44.0,0.00026287758953383214,0.004644170748431034,5.660377358490567
Ireland,4622917.0,135,,10647,365,0,53.1424,-7.6921,0.007895447830882536,0.23030913165864755,3.4281957358880435
Israel,7353985.0,136,,11586,116,0,31.0,35.0,0.0015773760756922948,0.15754723459457695,1.0012083549110995
Italy,60340328.0,137,,159516,20465,0,43.0,12.0,0.03391595750026417,0.2643605119282746,12.829434037964843
Jamaica,2847232.0,138,,73,4,0,18.1096,-77.2975,0.00014048732242402445,0.0025638936342384463,5.47945205479452
Japan,127288000.0,139,,7370,123,0,36.0,138.0,9.663126139149015e-05,0.00579001948337628,1.6689280868385348
Jordan,6407085.0,140,,391,7,0,31.24,36.51,0.00010925405234985956,0.0061026192098278705,1.7902813299232736
Kazakhstan,15340000.0,141,,1091,12,0,48.0196,66.9237,7.822685788787484e-05,0.007112125162972621,1.0999083409715857
Kenya,40046566.0,142,,208,9,0,-0.0236,37.9062,2.2473837082560338e-05,0.0005193953459080612,4.326923076923077
"Korea, South",48422644.0,143,,10537,217,0,36.0,128.0,0.00044813744577846675,0.021760480489252096,2.0594096991553577
Kuwait,2789132.0,144,,1300,2,0,29.5,47.75,7.170689662590369e-05,0.046609482806837396,0.15384615384615385
Kyrgyzstan,5776500.0,145,,419,5,0,41.2044,74.7661,8.655760408551892e-05,0.007253527222366485,1.1933174224343674
Latvia,2217969.0,146,,655,5,0,56.8796,24.6032,0.0002254314645515785,0.029531521856256782,0.7633587786259541
Lebanon,4125247.0,147,,632,20,0,33.8547,35.8623,0.00048481945444721255,0.015320294760531915,3.1645569620253164
Liberia,3685076.0,148,,59,6,0,6.4281,-9.4295,0.00016281889437287048,0.0016010524613332261,10.16949152542373
Liechtenstein,35000.0,149,,79,1,0,47.14,9.55,0.002857142857142857,0.22571428571428573,1.2658227848101267
Lithuania,2944459.0,150,,1062,24,0,55.1694,23.8813,0.0008150903103082773,0.03606774623114127,2.2598870056497176
Luxembourg,497538.0,151,,3292,69,0,49.8153,6.1296,0.013868287447390954,0.6616580040117539,2.0959902794653704
Madagascar,21281844.0,152,,106,0,0,-18.7669,46.8691,0.0,0.0004980771403079545,0.0
Malaysia,28274729.0,153,,4817,77,0,2.5,112.5,0.0002723279858844978,0.017036414389683452,1.5985052937512976
Maldives,395650.0,154,,20,0,0,3.2028,73.2207,0.0,0.005054972829521042,0.0
Malta,403000.0,155,,384,3,0,35.9375,14.3754,0.0007444168734491315,0.09528535980148883,0.78125
Mauritania,3205060.0,156,,7,1,0,21.0079,10.9408,3.120066395012886e-05,0.000218404647650902,14.285714285714285
Mauritius,1294104.0,157,,324,9,0,-20.2,57.5,0.000695461879416183,0.02503662765898259,2.7777777777777777
Mexico,112468855.0,158,,4661,296,0,23.6345,-102.5528,0.0002631839721316626,0.0041442584260327,6.350568547521991
Moldova,4324000.0,159,,1712,35,0,47.4116,28.3699,0.0008094357076780759,0.03959296947271045,2.0443925233644857
Monaco,32965.0,160,,93,1,0,43.7333,7.4167,0.003033520400424693,0.2821173972394964,1.0752688172043012
Mongolia,3086918.0,161,,17,0,0,46.8625,103.8467,0.0,0.0005507110976060912,0.0
Montenegro,666730.0,162,,274,3,0,42.5,19.3,0.0004499572540608642,0.04109609587089227,1.094890510948905
Morocco,33848242.0,163,,1763,126,0,31.7917,-7.0926,0.0003722497611545084,0.005208542292979352,7.146908678389109
Namibia,2128471.0,164,,16,0,0,-22.9576,18.4904,0.0,0.0007517133190914981,0.0
Nepal,28951852.0,165,,14,0,0,28.1667,84.25,0.0,4.835614661196803e-05,0.0
Netherlands,16645000.0,166,Aruba,92,0,0,12.5186,-70.0358,0.0,0.0005527185340943226,0.0
Netherlands,16645000.0,167,Curacao,14,1,0,12.1696,-68.99,6.007810153199159e-06,8.410934214478823e-05,7.142857142857142
Netherlands,16645000.0,168,Sint Maarten,50,9,0,18.0425,-63.0548,5.407029137879243e-05,0.00030039050765995795,18.0
Netherlands,16645000.0,169,,26551,2823,0,52.1326,5.2913,0.016960048062481223,0.15951336737759086,10.632367895747805
New Zealand,4252277.0,170,,1349,5,0,-40.9006,174.886,0.00011758406143343908,0.031724179774741866,0.37064492216456635
Nicaragua,5995928.0,171,,9,1,0,12.8654,-85.2072,1.667798545946516e-05,0.0001501018691351864,11.11111111111111
Niger,15878271.0,172,,529,12,0,17.6078,8.0817,7.557497916492292e-05,0.003331596998187019,2.2684310018903595
Nigeria,154000000.0,173,,343,10,0,9.082,8.6753,6.493506493506494e-06,0.00022272727272727274,2.9154518950437316
North Macedonia,2062294.0,174,,854,38,0,41.6086,21.7453,0.0018426082799057747,0.04141019660630346,4.449648711943794
Norway,5009150.0,175,,6603,134,0,60.472,8.4689,0.0026751045586576564,0.13181877164788436,2.029380584582765
Oman,2967717.0,176,,727,4,0,21.0,57.0,0.00013478374117208616,0.024496944958026658,0.5502063273727648
Pakistan,184404791.0,177,,5496,93,0,30.3753,69.3451,5.0432529163518316e-05,0.002980399787985986,1.6921397379912666
Panama,3410676.0,178,,3400,87,0,8.538,-80.7821,0.002550813973534865,0.09968698287377634,2.558823529411765
Papua New Guinea,6064515.0,179,,2,0,0,-6.315,143.9555,0.0,3.297872954391241e-05,0.0
Paraguay,6375830.0,180,,147,6,0,-23.4425,-58.4438,9.410539490544761e-05,0.0023055821751834663,4.081632653061225
Peru,29907003.0,181,,9784,216,0,-9.19,-75.0152,0.0007222388682677431,0.0327147457737574,2.2076860179885527
Philippines,99900177.0,182,,4932,315,0,13.0,122.0,0.0003153147566495302,0.004936928189826931,6.386861313868613
Poland,38500000.0,183,,6934,245,0,51.9194,19.1451,0.0006363636363636363,0.018010389610389612,3.533314104413037
Portugal,10676000.0,184,,16934,535,0,39.3999,-8.2245,0.005011240164855751,0.1586174597227426,3.1593244360458255
Qatar,840926.0,185,,3231,7,0,25.3548,51.1839,0.0008324156941276641,0.3842193011037832,0.2166511915815537
Romania,21959278.0,186,,6633,331,0,45.9432,24.9668,0.0015073355326163274,0.030205911141522962,4.990200512588572
Russia,140702000.0,187,,18328,148,0,60.0,90.0,0.00010518684880101207,0.013026111924492899,0.8075076385857703
Rwanda,11055976.0,188,,127,0,0,-1.9403,29.8739,0.0,0.0011487000333575254,0.0
Saint Lucia,160922.0,189,,15,0,0,13.9094,-60.9789,0.0,0.009321286088912641,0.0
Saint Vincent and the Grenadines,104217.0,190,,12,0,0,12.9843,-61.2872,0.0,0.011514436224416362,0.0
San Marino,31477.0,191,,356,35,0,43.9424,12.4578,0.11119229913905392,1.1309845283858055,9.831460674157304
Saudi Arabia,25731776.0,192,,4934,65,0,24.0,45.0,0.00025260596081669605,0.019174735548762742,1.31738954195379
Senegal,12323252.0,193,,291,2,0,14.4974,-14.4524,1.6229482282761077e-05,0.0023613896721417366,0.6872852233676976
Serbia,7344847.0,194,,4054,85,0,44.0165,21.0059,0.0011572739364073886,0.05519515927288887,2.096694622594968
Seychelles,88340.0,195,,11,0,0,-4.6796,55.492,0.0,0.012451890423364274,0.0
Singapore,4701069.0,196,,2918,9,0,1.2833,103.8333,0.0001914458179618295,0.0620709885347354,0.3084304318026045
Slovakia,5455000.0,197,,769,2,0,48.669,19.699,3.666361136571952e-05,0.014097158570119155,0.26007802340702213
Slovenia,2007000.0,198,,1212,55,0,46.1512,14.9955,0.0027404085700049826,0.06038863976083707,4.537953795379538
Somalia,10112453.0,199,,60,2,0,5.1521,46.1996,1.9777595010824774e-05,0.0005933278503247432,3.3333333333333335
South Africa,49000000.0,200,,2272,27,0,-30.5595,22.9375,5.510204081632653e-05,0.004636734693877551,1.1883802816901408
Spain,46505963.0,201,,170099,17756,0,40.0,-4.0,0.038180050158299055,0.36575739760512005,10.438626917265829
Sri Lanka,21513990.0,202,,217,7,0,7.0,81.0,3.2536967805599985e-05,0.0010086460019735994,3.225806451612903
Sudan,35000000.0,203,,29,4,0,12.8628,30.2176,1.1428571428571429e-05,8.285714285714286e-05,13.793103448275861
Suriname,492829.0,204,,10,1,0,3.9193,-56.0278,0.00020291013718754376,0.0020291013718754377,10.0
Sweden,9828655.0,205,,10948,919,0,63.0,16.0,0.009350211193698426,0.11138858775692095,8.394227256119839
Switzerland,8484100.0,206,,25688,1138,0,46.8182,8.2275,0.013413326104124186,0.3027781379285958,4.430084085954531
Taiwan*,22894384.0,207,,393,6,0,23.7,121.0,2.6207300445384332e-05,0.001716578179172674,1.5267175572519083
Tanzania,41892895.0,208,,49,3,0,-6.369,34.8888,7.1611188484347995e-06,0.00011696494119110174,6.122448979591836
Thailand,67089500.0,209,,2579,40,0,15.0,101.0,5.962184842635583e-05,0.003844118677289293,1.5509887553315238
Togo,6587239.0,210,,77,3,0,8.6195,0.8248,4.5542601384282554e-05,0.001168926768863252,3.896103896103896
Trinidad and Tobago,1328019.0,211,,113,8,0,10.6918,-61.2225,0.0006024010198649266,0.008508914405592089,7.079646017699115
Tunisia,10589025.0,212,,726,34,0,34.0,9.0,0.0003210871633601772,0.006856155311749665,4.683195592286501
Turkey,77804122.0,213,,61049,1296,0,38.9637,35.2433,0.0016657215153716408,0.07846499443821242,2.122884895739488
Uganda,33398682.0,214,,54,0,0,1.0,32.0,0.0,0.00016168302689309715,0.0
Ukraine,45415596.0,215,,3102,93,0,48.3794,31.1656,0.00020477546964263113,0.006830252761628406,2.998065764023211
United Arab Emirates,4975593.0,216,,4521,25,0,24.0,54.0,0.0005024526724754215,0.09086354129045524,0.5529750055297501
United Kingdom,62348447.0,217,Bermuda,57,5,0,32.3078,-64.7505,8.019445937442514e-06,9.142168368684468e-05,8.771929824561402
United Kingdom,62348447.0,218,Cayman Islands,53,1,0,19.3133,-81.2546,1.6038891874885032e-06,8.500612693689066e-05,1.8867924528301887
United Kingdom,62348447.0,219,Channel Islands,436,9,0,49.3723,-2.3644,1.4435002687396529e-05,0.0006992956857449874,2.064220183486239
United Kingdom,62348447.0,220,Gibraltar,129,0,0,36.1408,-5.3536,0.0,0.0002069017051860169,0.0
United Kingdom,62348447.0,221,Isle of Man,242,2,0,54.2361,-4.5481,3.2077783749770065e-06,0.00038814118337221774,0.8264462809917356
United Kingdom,62348447.0,222,Montserrat,11,0,0,16.7425,-62.1874,0.0,1.7642781062373532e-05,0.0
United Kingdom,62348447.0,223,,88621,11329,0,55.3781,-3.4360000000000004,0.018170460605057254,0.14213826368441865,12.7836517304025
Uruguay,3477000.0,224,,480,8,0,-32.5228,-55.7658,0.00023008340523439746,0.013805004314063849,1.6666666666666667
US,310232863.0,225,,580619,23529,0,37.0902,-95.7129,0.007584302891857075,0.18715586556025177,4.052399249766197
Uzbekistan,27865738.0,226,,998,4,0,41.3775,64.5853,1.4354545356021074e-05,0.0035814590663272583,0.4008016032064128
Venezuela,27223228.0,227,,189,9,0,6.4238,-66.5897,3.306000302388828e-05,0.0006942600635016538,4.761904761904762
Vietnam,89571130.0,228,,265,0,0,16.0,108.0,0.0,0.00029585425571833243,0.0
Zambia,13460305.0,229,,45,2,0,-15.4167,28.2833,1.4858504320667325e-05,0.0003343163472150148,4.444444444444445
Zimbabwe,13061000.0,230,,17,3,0,-20.0,30.0,2.2969144782175943e-05,0.000130158487098997,17.647058823529413
Canada,33679000.0,231,Diamond Princess,-1,-1,0,0.0,0.0,-2.969209299563526e-06,-2.969209299563526e-06,100.0
Dominica,72813.0,232,,16,0,0,15.415,-61.371,0.0,0.021974098031944847,0.0
Grenada,107818.0,233,,14,0,0,12.1165,-61.678999999999995,0.0,0.012984844831104268,0.0
Mozambique,22061451.0,234,,21,0,0,-18.665695,35.529562,0.0,9.518866188810518e-05,0.0
Syria,22198110.0,235,,25,2,0,34.802075,38.99681500000001,9.009776057511203e-06,0.00011262220071889002,8.0
Timor-Leste,1154625.0,236,,4,0,0,-8.874217,125.727539,0.0,0.0003464328245101223,0.0
Belize,314522.0,237,,18,2,0,13.1939,-59.5432,0.0006358855660335365,0.005722970094301829,11.11111111111111
Canada,33679000.0,238,Recovered,0,0,0,0.0,0.0,0.0,0.0,
Laos,6368162.0,239,,19,0,0,19.856270000000002,102.495496,0.0,0.00029835924400164446,0.0
Libya,6461454.0,240,,26,1,0,26.3351,17.228331,1.5476392774753174e-05,0.00040238621214358256,3.8461538461538463
West Bank and Gaza,3800000.0,241,,308,2,0,31.9522,35.2332,5.263157894736842e-05,0.008105263157894737,0.6493506493506493
Guinea-Bissau,1565126.0,242,,38,0,0,11.8037,-15.1804,0.0,0.002427919541302106,0.0
Mali,13796354.0,243,,123,10,0,17.570692,-3.996166000000001,7.248291831305575e-05,0.0008915398952505858,8.130081300813007
Saint Kitts and Nevis,51134.0,244,,12,0,0,17.357822,-62.782998,0.0,0.023467751398286853,0.0
Canada,33679000.0,245,Northwest Territories,5,0,0,64.8255,-124.8457,0.0,1.4846046497817632e-05,0.0
Canada,33679000.0,246,Yukon,8,0,0,64.2823,-135.0,0.0,2.375367439650821e-05,0.0
Kosovo,1800000.0,247,,283,7,0,42.602636,20.902977,0.00038888888888888887,0.01572222222222222,2.4734982332155475
Burma,53414374.0,248,,62,4,0,21.9162,95.956,7.488620946863478e-06,0.00011607362467638393,6.451612903225806
United Kingdom,62348447.0,249,Anguilla,3,0,0,18.2206,-63.0686,0.0,4.81166756246551e-06,0.0
United Kingdom,62348447.0,250,British Virgin Islands,3,0,0,18.4207,-64.64,0.0,4.81166756246551e-06,0.0
United Kingdom,62348447.0,251,Turks and Caicos Islands,10,1,0,21.69400000000001,-71.7979,1.6038891874885032e-06,1.603889187488503e-05,10.0
MS Zaandam,,252,,9,2,0,0.0,0.0,,,22.22222222222222
Botswana,2029307.0,253,,13,1,0,-22.3285,24.6849,4.927790620147666e-05,0.0006406127806191966,7.6923076923076925
Burundi,9863117.0,254,,5,1,0,-3.3731,29.9189,1.0138782699221757e-05,5.069391349610879e-05,20.0
Sierra Leone,5245695.0,255,,10,0,0,8.460555000000001,-11.779889,0.0,0.0001906325091336801,0.0
Netherlands,16645000.0,256,"Bonaire, Sint Eustatius and Saba",3,0,0,12.1784,-68.2385,0.0,1.8023430459597478e-05,0.0
Malawi,17563749.0,257,,16,2,0,-13.254307999999998,34.301525,1.1387090535169911e-05,9.109672428135929e-05,12.5
United Kingdom,62348447.0,258,Falkland Islands (Malvinas),5,0,0,-51.7963,-59.5236,0.0,8.019445937442514e-06,0.0
France,64768389.0,259,Saint Pierre and Miquelon,1,0,0,46.8852,-56.3159,0.0,1.5439630588928187e-06,0.0
South Sudan,8260490.0,260,,4,0,0,6.8770000000000024,31.307,0.0,4.842327755375286e-05,0.0
Western Sahara,273008.0,261,,6,0,0,24.2155,-12.8858,0.0,0.002197737795229444,0.0
Sao Tome and Principe,197700.0,262,,4,0,0,0.18636,6.613081,0.0,0.002023267577137076,0.0
Yemen,23495361.0,263,,1,0,0,15.552726999999999,48.516388,0.0,4.256159332899801e-06,0.0
